"","analysed n","diabetes onset (n)","max. timepoints","median timepoint","BIC","hazard ratio","95 % CI","NA"
"0",14916,90,3,2,1112.97692320402,1.02224461114333,0.836576763207613,1.28220141519861
"01",14916,87,3,2,689.924290089298,1.00788103490357,0.780991635926191,1.37282353917831
"02",14916,85,3,2,1049.55321611243,1.01567294409412,0.839201796054906,1.26018230874293
"03",14916,74,3,2,70.3704362701555,1.19792460229217,5.50884252017105e-09,1.05414684755258e+20
"04",14916,73,3,2,886.003365723143,1.02680094729076,0.833581285363917,1.28276524772523
