"","X.Model_2.","subset","coef","lower_CI","upper_CI","logtest","df","p_value"
"1","Model_2","All",1.53078740116672,1.24070501741095,1.88869234401959,67.5799331400713,7,4.54926669632524e-12
