"","X.Model_4.","subset","coef","lower_CI","upper_CI","logtest","df","p_value"
"1","Model_4","All",1.3448430392941,1.12841765122664,1.60277783529154,45.6945304356859,6,3.40540648699836e-08
