"","X.Model_3.","subset","coef","lower_CI","upper_CI","logtest","df","p_value"
"1","Model_3","All",1.36220673897665,1.1432710620564,1.62306845795232,45.7450947337875,6,3.32742144497405e-08
