"","X.Model_1.","subset","coef","lower_CI","upper_CI","logtest","df","p_value"
"1","Model_1","All",1.36851009313754,1.14917036269448,1.62971473666279,41.6071334935405,5,7.07324090788558e-08
