"","X.Model_1.","subset","coef","lower_CI","upper_CI","logtest","df","p_value"
"1","Model_1","All",1.36623344067282,1.1476058774491,1.62651120135577,33.825875636142,8,4.36862628133255e-05
