"","analysed n","diabetes onset (n)","max. timepoints","median timepoint","BIC","hazard ratio","95 % CI","NA"
"0",5767,74,3,2,840.776907515846,1.04151996756146,1.85282700222309e-07,2.51942065872484
"01",5767,80,3,2,617.992911382626,1.03324357474799,1.32069892751225e-07,2.7163644115249
"02",5767,84,3,2,978.055409612147,0.971815441922825,1.71261722150213e-07,2.68194249664775
"03",5767,94,3,2,1091.22618994476,1.05367186213969,2.46674679805443e-07,2.76517530353373
"04",5767,85,3,2,982.729866136699,0.975302591167513,2.03039701060827e-07,2.57584982062415
"05",5767,98,3,2,831.483649866946,0.967681865868333,1.16591198181082e-07,2.67621090716685
"06",5767,76,3,2,649.936883829533,1.01367451508974,1.54525219562016e-07,3.22914012670219
