"","analysed n","diabetes onset (n)","max. timepoints","median timepoint","BIC","hazard ratio","95 % CI","NA"
"0",4195,85,3,2,987.877273455862,1.08452166114333,0.523704032625856,2.10546901350424
"01",4195,86,3,2,618.09679393028,1.05698665358706,0.401944947300616,2.51434572618277
"02",4195,73,3,2,853.148826232797,1.09490265061477,0.502767904323091,2.193345479489
"03",4195,82,3,2,57.1846950502054,1.03890371832094,3.03258935910256e-10,945276001140241
"04",4195,95,3,2,1104.23893415144,1.10135453157134,0.50598450567691,2.22410719305975
