"","analysed n","diabetes onset (n)","max. timepoints","median timepoint","BIC","hazard ratio","95 % CI","NA"
"0",3677,86,3,2,992.968767983788,1.08750608986675,0.531379044506057,2.03224833596842
"01",3677,87,3,2,526.379475969181,1.07523088517471,0.402021468504594,2.52656902357715
"02",3677,95,3,2,1101.4544308614,1.09537100007489,0.47999530469276,2.12174782168395
"03",3677,93,3,2,68.2383312160097,1.16055141055069,7.3319172059685e-10,904796799.443314
"04",3677,92,3,2,1083.74871220123,1.09050662611843,0.478849607673125,2.11107056622489
