"","X","analysed.n","diabetes.onset..n.","max..timepoints","median.timepoint","BIC","hazard.ratio","X95...CI","NA."
"1",0,14940,60,3,2,722.379279692451,1.01461008923803,0.845838727638665,1.24899671011043
"2",1,14940,73,3,2,569.536097014393,0.993278687324305,0.791949427707519,1.33048585991677
"3",2,14940,77,3,2,933.812133339658,1.01421346568936,0.841305974903993,1.26419488115996
"4",3,14940,72,3,2,50.6864268573036,1.01614644472067,1.85426443252729e-10,75279416532978.4
"5",4,14940,87,3,2,1077.90261022157,1.01607721394317,0.844741868915315,1.25476008878056
"NA",NA,NA,NA,NA,NA,NA,NA,NA,NA
"NA.1",NA,NA,NA,NA,NA,NA,NA,NA,NA
