"","mat_t1_value","mat_t2_value","mat_t3_value","loglik_value","info_criterion_value","est_value_D1","est_value_D2","est_value_D3","est_value_D4","est_value_D5"
"D1",-0.0499003751411842,0.0199930281868617,0.00138163558425759,-20206.7484632197,40444.8817217014,-3.10718513556615,0.162544745523915,0.0110530846740607,0.00552654240036795,0.00552654241415282
