"","mat_t1_value","mat_t2_value","mat_t3_value","loglik_value","info_criterion_value","est_value_D1","est_value_D2","est_value_D3","est_value_D4","est_value_D5"
"D1",-0.0501638716890357,0.0161238646007325,0.0197675581645396,-19576.269414589,39183.8077203199,7.10498766304339,-0.913496882005431,0.158140465316317,0.0790702326965931,0.0790702326578448
