"","mat_t1_value","mat_t2_value","mat_t3_value","loglik_value","info_criterion_value","est_value_D1","est_value_D2","est_value_D3","est_value_D4","est_value_D5"
"D1",-0.103539606671141,-0.0258494538216357,-0.0237757637606111,-17913.7943530574,35858.355333406,-11.6264259212542,1.02124932473459,-0.190206110084889,-0.0951030551032021,-0.0951030550957456
