"","total N","new diabetes cases","%"
"entire_dataset_Nvalue",28957,8812,30.4313292122803
"ageism_dataset_Nvalue",5504,1451,26.3626453488372
"female_dataset_Nvalue",2365,475,20.0845665961945
"race_dataset_Nvalue",1331,427,32.0811419984974
"race_combo_dataset_Nvalue",8861,3342,37.7158334273784
"BMI_dataset_Nvalue",537,210,39.1061452513966
