"","total N","new diabetes cases","%"
"entire_dataset_Nvalue",28957,2954,10.2013330110163
"ageism_dataset_Nvalue",5504,184,3.34302325581395
"female_dataset_Nvalue",2365,76,3.21353065539112
"race_dataset_Nvalue",1331,62,4.65815176558978
"race_combo_dataset_Nvalue",8861,987,11.1386976639206
"BMI_dataset_Nvalue",537,21,3.91061452513966
