"","total N","new diabetes cases","%"
"entire_dataset_Nvalue",28957,8812,30.4313292122803
"female_dataset_Nvalue",16488,4830,29.2940320232897
"race_dataset_Nvalue",8774,3317,37.8048780487805
"race_combo_dataset_Nvalue",9697,3539,36.4958234505517
"BMI_dataset_Nvalue",10926,3866,35.3834889254988
