"","total N","new diabetes cases","%"
"entire_dataset_Nvalue",28957,2954,10.2013330110163
"female_dataset_Nvalue",16488,1656,10.0436681222707
"race_dataset_Nvalue",8774,981,11.1807613403237
"race_combo_dataset_Nvalue",9697,1056,10.8899659688563
"BMI_dataset_Nvalue",10926,641,5.86673988650924
