"","X","analysed.n","diabetes.onset..n.","max..timepoints","median.timepoint","BIC","hazard.ratio","X95...CI","NA."
"1",0,14985,97,3,2,1188.05499399836,1.01203407926818,0.668012899037173,1.4251181565095
"2",1,14985,83,3,2,579.486177853093,0.992280321216095,0.58554403698268,1.51888526881765
"3",2,14985,76,3,2,939.215285074001,1.00369453886797,0.663606478640459,1.41140748589332
"4",3,14985,71,3,2,0,0.641017022037828,4.98694769523572e-28,10380356477051348992
"5",4,14985,82,3,2,1019.62394174941,0.996434113186325,0.627599450076248,1.41932222795143
"NA",NA,NA,NA,NA,NA,NA,NA,NA,NA
"NA.1",NA,NA,NA,NA,NA,NA,NA,NA,NA
