"","analysed n","diabetes onset (n)","max. timepoints","median timepoint","BIC","hazard ratio","95 % CI","NA"
"0",15630,58,3,2,718.204384596504,0.993838646491329,0.387012241323176,2.02676659572905
"01",15630,77,3,2,597.388739375544,1.00908203222509,0.328456600184022,2.39987579988619
"02",15630,90,3,2,1081.01124231134,1.00400460700788,0.40218086297653,2.04753925384975
"03",15630,71,3,2,61.2093765585175,0.516561987181665,1.69763453594097e-10,1934974533.00788
"04",15630,82,3,2,981.3473297455,1.02091175168637,0.422387534800274,2.01979618182783
