"","mat_t1_value","mat_t2_value","mat_t3_value","loglik_value","info_criterion_value","est_value_D1","est_value_D2","est_value_D3","est_value_D4","est_value_D5"
"D1",-0.0664524128894624,-0.0284379423886805,-0.0198329026177643,-13356.8585335176,26743.6947878953,-1.32289227981218,0.0161923835945576,-0.0527940318459867,NA,NA
