"","hazard ratio","5% CI","95% CI"
"HR_CI1vs0_lower",1.14731890921185,0.911996680046742,1.4325351909662
