"","X.Model_3_full.","subset","coef","lower_CI","upper_CI","logtest","df","p_value"
"1","Model_3_full","All",1.4136931099689,1.25694045609039,1.58999433862586,223.399341839926,6,1.96019276105415e-45
