"","X","analysed.n","diabetes.onset..n.","max..timepoints","median.timepoint","BIC","hazard.ratio","X95...CI","NA."
"1",0,14927,82,3,2,995.705644860637,1.01596078057691,0.807127443322892,1.34773621699421
"2",1,14927,67,3,2,573.964332910264,1.00615634582844,0.741011889626676,1.49413783838781
"3",2,14927,60,3,2,724.219959847166,1.01213264370749,0.786452563033751,1.35077001709328
"4",3,14927,79,3,2,56.1046296533677,1.27220738556384,6.62403662032177e-11,112533960703669184
"5",4,14927,77,3,2,951.793889015959,1.01974354326828,0.807276991853468,1.39272344656548
"NA",NA,NA,NA,NA,NA,NA,NA,NA,NA
"NA.1",NA,NA,NA,NA,NA,NA,NA,NA,NA
