"","hazard ratio","5% CI","95% CI"
"HR_CI1vs0_lower",1.13877752291425,0.53227952569643,3.29854676447408
