"","hazard ratio","5% CI","95% CI"
"HR_CI1vs0_lower",1.10430824419437,0.771133407312379,1.60996981453677
