"","hazard ratio","5% CI","95% CI"
"HR_CI1vs0_lower",2.00305379142249,0.836774848147526,6.38266233290084
