"","X","analysed.n","diabetes.onset..n.","max..timepoints","median.timepoint","BIC","hazard.ratio","X95...CI","NA."
"1",0,14926,75,3,2,912.124296748363,1.05432638212364,0.748174928536497,1.80801701440752
"2",1,14926,76,3,2,639.993698111531,1.07499350921447,0.686475721417988,2.36559914540196
"3",2,14926,85,3,2,1043.08523186097,1.04991225906801,0.748107271503571,1.69268669512527
"4",3,14926,68,3,2,38.2862969334301,176.393581302301,3.70542605936486e-16,5227065236482257920
"5",4,14926,84,3,2,1007.68395563936,1.03397341295457,0.747790951835524,1.67748191761404
"NA",NA,NA,NA,NA,NA,NA,NA,NA,NA
"NA.1",NA,NA,NA,NA,NA,NA,NA,NA,NA
