"","X.Model_3_non_interact.","subset","coef","lower_CI","upper_CI","logtest","df","p_value"
"1","Model_3_non_interact","All",1.11064278868242,0.974621500654694,1.2656476419037,224.396150272973,7,7.692725132636e-45
"2","Model_3_non_interact","Female",1.14728290132208,0.951904903811154,1.38276213348212,154.389073060169,6,9.12499422929907e-31
"3","Model_3_non_interact","male",1.08105851590793,0.90042926721828,1.29792262131541,80.9962353311676,6,2.22417977278672e-15
"4","Model_3_non_interact","race",1.12870028738378,0.885263322521141,1.43907954427853,64.4856787231565,7,1.90776709079056e-11
"5","Model_3_non_interact","BMI",1.17187535378934,0.974936375346361,1.40859637566709,78.7139263092104,7,2.51890519429444e-14
