"","X.Model_2_non_interact.","subset","coef","lower_CI","upper_CI","logtest","df","p_value"
"1","Model_2_non_interact","All",1.10506701259233,0.982841446419755,1.24249247604297,538.700393705167,6,3.85057098437005e-113
"2","Model_2_non_interact","Female",1.10574935115067,0.945451548408934,1.29322505169909,329.736732930594,5,4.02340047712114e-69
"3","Model_2_non_interact","male",1.10039606172707,0.922100272143023,1.3131668314665,200.898563148377,5,1.82467002576726e-41
"4","Model_2_non_interact","race",1.21223851761248,0.976166529678044,1.50540115739061,105.876214902249,6,1.48656093362698e-20
"5","Model_2_non_interact","BMI",1.15901428493702,0.993845273090704,1.35163304496138,148.579672847791,6,1.5447325537048e-29
