"","X.Model_5_non_interact.","subset","coef","lower_CI","upper_CI","logtest","df","p_value"
"1","Model_5_non_interact","All",1.1973852496146,1.06575158730759,1.34527731703094,281.544412263778,5,9.27184583633726e-59
"2","Model_5_non_interact","Female",1.34194371868098,1.15213564855366,1.56302163410012,201.678198763078,4,1.63700546196915e-42
"3","Model_5_non_interact","male",1.04530501354682,0.873121298093305,1.25144418505451,81.8467619427865,4,7.07388121740473e-17
"4","Model_5_non_interact","race",1.18133197359935,0.979273553433603,1.42508212026656,80.73399631762,5,5.89216206166529e-16
"5","Model_5_non_interact","BMI",1.16202087996693,0.987214771739716,1.3677799037585,97.4088108796095,5,1.85766366557985e-19
