"","X.Model_3_non_interact.","subset","coef","lower_CI","upper_CI","logtest","df","p_value"
"1","Model_3_non_interact","All",1.2687672567663,1.12199980186185,1.43473318727065,237.127956334749,7,1.51635304850023e-47
"2","Model_3_non_interact","Female",1.33439083315867,1.12148016590267,1.58772214592373,164.284800325235,6,7.32296266667026e-33
"3","Model_3_non_interact","male",1.1986924621472,1.00765461398348,1.42594853322637,85.0316434943779,6,3.25167318014924e-16
"4","Model_3_non_interact","race",1.3145080945052,1.03414286371101,1.67088280657764,70.4852356686542,7,1.17875443353421e-12
"5","Model_3_non_interact","BMI",1.2529562925671,1.05095330439141,1.49378613162324,83.2321634571799,7,3.01421710168094e-15
