"","X.Model_1.","subset","coef","lower_CI","upper_CI","logtest","df","p_value"
"1","Model_1","All",1.21629133428506,1.08401135445038,1.36471320506325,273.406056916407,8,1.85941933526578e-54
"2","Model_1","Female",1.38668002336888,1.19264925161993,1.61227744418447,182.719318627933,4,1.94306090470999e-38
"3","Model_1","male",1.03018850180326,0.862158346236069,1.23096685647239,82.4191924307161,4,5.34947250686785e-17
"4","Model_1","race",1.21402180870436,1.00838565669924,1.46159253874572,75.554622481015,8,3.81930622527556e-13
"5","Model_1","BMI",1.17938325693951,1.00228694412995,1.38777111175152,104.609453427071,8,4.86357645523539e-19
