"","X.Model_4_non_interact.","subset","coef","lower_CI","upper_CI","logtest","df","p_value"
"1","Model_4_non_interact","ALL",0.896458376600883,0.597891256825831,1.34412004156802,48.2491575622612,4,8.37389182973362e-10
"2","Model_4_non_interact","Female",1.3482486067813,0.797691760614496,2.27879288146013,19.4386706675205,3,0.000221844039818685
"3","Model_4_non_interact","Female",0.569513099830795,0.293541703435156,1.10493727836028,32.9368863171153,3,3.32092475506933e-07
"4","Model_4_non_interact","race",1.19929893500413,0.623388219201776,2.307258769413,4.41742003456386,4,0.352451933573587
"5","Model_4_non_interact","BMI",0.665348763550933,0.338491169187506,1.30783021081867,27.4784093995261,4,1.59079150661642e-05
