"","X.Model_4_non_interact.","subset","coef","lower_CI","upper_CI","logtest","df","p_value"
"1","Model_4_non_interact","ALL",1.93140956784235,1.33771400734183,2.78859524403542,59.7727615441122,4,3.23799942897138e-12
"2","Model_4_non_interact","Female",2.03761600491214,1.16608172793747,3.5605385831899,24.3369139322702,3,2.12439526317147e-05
"3","Model_4_non_interact","Female",1.84626383749326,1.1322425541732,3.01056531135634,34.9677966372769,3,1.23748472515634e-07
"4","Model_4_non_interact","race",1.61431102737819,0.831049008513899,3.13579592348584,6.18439019600544,4,0.185794589482685
"5","Model_4_non_interact","BMI",3.24457348437001,1.77747979163998,5.92257484163241,38.7530108228922,4,7.83466308908257e-08
