"","X.Model_5_non_interact.","subset","coef","lower_CI","upper_CI","logtest","df","p_value"
"1","Model_5_non_interact","All",1.061324803576,0.958473212735579,1.17521316581268,272.176523029848,5,9.53875778444579e-57
"2","Model_5_non_interact","Female",1.05889677505898,0.926196217574909,1.21060997546086,190.522254885032,4,4.09325645909673e-40
"3","Model_5_non_interact","male",1.06887345813312,0.913444858439981,1.25074924769147,79.4916600334109,4,2.23197082851432e-16
"4","Model_5_non_interact","race",1.12807848600069,0.949784274282353,1.33984222000217,80.9969083492197,5,5.19099170503621e-16
"5","Model_5_non_interact","BMI",1.04795183175595,0.908430706142579,1.20890127805552,93.961793644572,5,9.87398262928159e-19
