"","X.Model_1.","subset","coef","lower_CI","upper_CI","logtest","df","p_value"
"1","Model_1","All",1.08918835245209,0.99196691637979,1.19593833980557,263.597744628118,8,2.24896753819085e-52
"2","Model_1","Female",1.11732907839562,0.985502084002247,1.26679008567734,168.419798722836,4,2.28347067206594e-35
"3","Model_1","male",1.05531295751202,0.917469309442512,1.21386669486469,80.3526509108742,4,1.46653063456576e-16
"4","Model_1","race",1.22977771676514,1.04616376892861,1.44561805481078,77.0250609813102,8,1.93696411957964e-13
"5","Model_1","BMI",1.08352246213035,0.950182156697738,1.23557458710992,103.860988476066,8,6.92325221002237e-19
