"","X.Model_3_non_interact.","subset","coef","lower_CI","upper_CI","logtest","df","p_value"
"1","Model_3_non_interact","All",1.10380641398988,0.969057306178195,1.25729262015508,223.501242803199,7,1.19153599299898e-44
"2","Model_3_non_interact","Female",1.13534938232404,0.942982721809576,1.36695847138108,154.359373948069,6,9.25799070480723e-31
"3","Model_3_non_interact","male",1.07694262998994,0.897200448687679,1.29269376758124,80.5842834688719,6,2.70585575400253e-15
"4","Model_3_non_interact","race",1.1281307706676,0.885735249681755,1.43686167642572,63.7261214560058,7,2.71021170556971e-11
"5","Model_3_non_interact","BMI",1.17040304298791,0.974076671527701,1.4062992401686,77.8500628852225,7,3.7768118415924e-14
