"","X.Model_3_non_interact.","subset","coef","lower_CI","upper_CI","logtest","df","p_value"
"1","Model_3_non_interact","All",1.20334724943788,1.0401809483841,1.39210836824037,225.442178489982,7,4.61256405276478e-45
"2","Model_3_non_interact","Female",1.35943016071245,1.09951003144859,1.68079445298003,156.219493459705,6,3.73996375865966e-31
"3","Model_3_non_interact","male",1.08833750932207,0.891671348295158,1.32838016659618,81.0000001277367,6,2.22019820920503e-15
"4","Model_3_non_interact","race",1.11144320661196,0.854973701810674,1.44484678172877,63.6493946870655,7,2.80800458206835e-11
"5","Model_3_non_interact","BMI",1.26809879984422,1.03800429860494,1.54919836876165,81.5545962283395,7,6.63573575707679e-15
