"","X.Model_5_non_interact.","subset","coef","lower_CI","upper_CI","logtest","df","p_value"
"1","Model_5_non_interact","All",1.13859630441705,0.951540405841827,1.36242406152499,274.874535227937,5,2.51191461938037e-57
"2","Model_5_non_interact","Female",1.26629076677591,1.01061606645434,1.58664834178585,193.544051773151,4,9.17609220640612e-41
"3","Model_5_non_interact","male",0.969966423516977,0.720696471848546,1.30545229441338,80.3882280947128,4,1.44129616566108e-16
"4","Model_5_non_interact","race",1.14990097046386,0.876154012127384,1.50917786550234,80.6235644843673,5,6.2141937458729e-16
"5","Model_5_non_interact","BMI",1.05894172938896,0.823300496479035,1.3620270982915,94.3252344838802,5,8.28007428195298e-19
