"","X.Model_3_non_interact.","subset","coef","lower_CI","upper_CI","logtest","df","p_value"
"1","Model_3_non_interact","All",1.07473907553035,0.949306267877618,1.2167454482885,223.296318554516,7,1.31710047584999e-44
"2","Model_3_non_interact","Female",1.13368588776812,0.950784932803135,1.35177120270028,154.795798563649,6,7.48460596192731e-31
"3","Model_3_non_interact","male",1.01240242138755,0.850097883120647,1.20569487724027,80.0245286680693,6,3.53142522549448e-15
"4","Model_3_non_interact","race",1.19689175899078,0.944283107624708,1.51707668089451,65.3956855977872,7,1.25215999202593e-11
"5","Model_3_non_interact","BMI",1.07989235540754,0.905559879306798,1.28778618169384,76.8253381393451,7,6.10423813688383e-14
