"","X.Model_5_non_interact.","subset","coef","lower_CI","upper_CI","logtest","df","p_value"
"1","Model_5_non_interact","All",1.06512774129457,0.968477036179296,1.17142385714269,273.040003774142,5,6.22354317328515e-57
"2","Model_5_non_interact","Female",1.0598792723727,0.932325489479101,1.20488400744347,188.931660971073,4,8.99205690671199e-40
"3","Model_5_non_interact","male",1.06903759936619,0.927743016384373,1.23185124401425,80.3024399939113,4,1.50289773097048e-16
"4","Model_5_non_interact","race",1.17391156443202,0.99604722251986,1.38353717569826,82.004573274191,5,3.19372832423105e-16
"5","Model_5_non_interact","BMI",1.06793934522964,0.935759748696531,1.21878980868559,95.9730669343153,5,3.72614359202066e-19
