"","X.Model_2_non_interact.","subset","coef","lower_CI","upper_CI","logtest","df","p_value"
"1","Model_2_non_interact","All",1.12402484810639,0.994856052663447,1.26996448961446,535.768440429259,6,1.64993948123725e-112
"2","Model_2_non_interact","Female",1.07322344429148,0.909758134891272,1.26606019468518,323.806638830776,5,7.59532919371302e-68
"3","Model_2_non_interact","male",1.19171550550885,0.993568056985631,1.42937953377738,204.628376825344,5,2.90490219075805e-42
"4","Model_2_non_interact","race",1.11524534297718,0.894498971817043,1.39046797617414,104.431382787226,6,2.9799989545599e-20
"5","Model_2_non_interact","BMI",1.12783789918829,0.960900040982381,1.32377799208438,146.647891733639,6,3.95476836457441e-29
