"","X.Model_5_non_interact.","subset","coef","lower_CI","upper_CI","logtest","df","p_value"
"1","Model_5_non_interact","All",1.80026669660952,1.59874946902707,2.02718452247159,354.10006641339,5,2.29260678839737e-74
"2","Model_5_non_interact","Female",1.93541789437315,1.65453945199698,2.26397891046883,248.583775555486,4,1.3141409410157e-52
"3","Model_5_non_interact","male",1.65982385049839,1.38327809219066,1.99165679716669,106.258542824973,4,4.56754441857325e-22
"4","Model_5_non_interact","race",1.80947025559711,1.46942108486267,2.22821262034407,105.564056560292,5,3.54349563237201e-21
"5","Model_5_non_interact","BMI",1.68630612974216,1.41986254957894,2.00274904359529,125.642659857334,5,1.99938035097844e-25
