"","X.Model_2_non_interact.","subset","coef","lower_CI","upper_CI","logtest","df","p_value"
"1","Model_2_non_interact","All",1.54503386237081,1.37266310656781,1.73904989829676,586.932359811868,6,1.53568909064847e-123
"2","Model_2_non_interact","Female",1.55882077542906,1.33306273852586,1.82281158994537,357.63071788792,5,3.98185403100123e-75
"3","Model_2_non_interact","male",1.51997373120877,1.26868678311637,1.82103272006168,220.657352426926,5,1.07436584620984e-45
"4","Model_2_non_interact","race",1.54296258389355,1.23353007971331,1.93001660393136,118.848012468346,6,2.8443954233417e-23
"5","Model_2_non_interact","BMI",1.62020754964187,1.38529155684457,1.89496029983459,181.250925002074,6,1.8404151852577e-36
