"","X.Model_2_non_interact.","subset","coef","lower_CI","upper_CI","logtest","df","p_value"
"1","Model_2_non_interact","All",1.13602904674422,1.00506803594871,1.28405436138298,537.012779230427,6,8.89755641213221e-113
"2","Model_2_non_interact","Female",1.08466969389157,0.918709603648097,1.28060960740482,324.044980327681,5,6.7494405674668e-68
"3","Model_2_non_interact","male",1.20550283965675,1.00476979645022,1.44633835686012,205.1966181095,5,2.19547477440358e-42
"4","Model_2_non_interact","race",1.12462824313727,0.901765438926009,1.40256948277855,102.029265758893,6,9.462546255679e-20
"5","Model_2_non_interact","BMI",1.15168621499218,0.980953617817083,1.35213440647133,148.097551419309,6,1.953258156066e-29
