"","X","analysed.n","diabetes.onset..n.","max..timepoints","median.timepoint","BIC","hazard.ratio","X95...CI","NA."
"1",0,14928,77,3,2,953.826174091158,1.0023096884917,0.869587024930932,1.17150338399223
"2",1,14928,88,3,2,726.020585071911,0.937279425747267,0.720681885075156,1.21969951865214
"3",2,14928,72,3,2,894.616286829754,1.00964268507642,0.862453777130946,1.16801325492397
"4",3,14928,82,3,2,39.6604732253783,1.01818050892656,6.40620295083584e-12,61392701291551.7
"5",4,14928,73,3,2,904.078940126827,1.00973170420291,0.87154261125081,1.17333869842137
"NA",NA,NA,NA,NA,NA,NA,NA,NA,NA
"NA.1",NA,NA,NA,NA,NA,NA,NA,NA,NA
