"","X","analysed.n","diabetes.onset..n.","max..timepoints","median.timepoint","BIC","hazard.ratio","X95...CI","NA."
"1",0,14901,69,3,2,843.914055419581,1.02491192560516,0.438638246563727,2.04908444447448
"2",1,14901,63,3,2,543.437307653095,1.05431062533062,0.354156081341957,2.50993167860469
"3",2,14901,58,3,2,702.957741933082,1.00337244431534,0.457580024310419,1.9524566837136
"4",3,14901,86,3,2,43.6726575268758,0.297323810712732,2.26017201909525e-31,1.8737940315585e+21
"5",4,14901,82,3,2,990.045528737721,0.996109733784816,0.409826510802919,1.99764434190224
"NA",NA,NA,NA,NA,NA,NA,NA,NA,NA
"NA.1",NA,NA,NA,NA,NA,NA,NA,NA,NA
