"","continious_age","wealth_noIRA","sex_1_2"
"1 knot(s)",0.0109776987137954,-4.62546686834412e-07,NA
"1 knot(s)",0.00129192209416184,3.56406163554208e-08,0
