"","continious_age","wealth_noIRA","sex_1_2","assessed_BMI","hypertension_new_bin","CVD"
"1 knot(s)",0.0282552405951236,-1.65706742590127e-07,NA,0.198134454726884,NA,NA
"1 knot(s)",0.00759559382668479,1.39467910432631e-07,0,0.0069623123101376,0,0
