"","analysed_n","diabetes_onset_n","max_timepoints","median_timepoint","BIC","hazard_ratio","CI_5","CI_95"
"0",14043,6264,4,2.5,99228.5113170401,NA,NA,NA
"0",14043,6264,4,2.5,37146.0204813262,NA,NA,NA
"0",14043,6264,4,2.5,4194.81182767694,NA,NA,NA
"0",14043,6264,4,2.5,15720.133029004,NA,NA,NA
"0",14043,6264,4,2.5,97120.9104555484,NA,NA,NA
"0",14043,6264,4,2.5,3314.96283186629,NA,NA,NA
"0",14043,6264,4,2.5,37137.4790356828,NA,NA,NA
