"","continious_age","wealth_noIRA","sex_1_2","CVD"
"1 knot(s)",-0.00676482954305486,-4.20950282687289e-07,NA,NA
"1 knot(s)",0.00292524304334492,8.18921384483223e-08,0,0
