"","continious_age","wealth_noIRA","sex_1_2"
"1 knot(s)",0.0134338648660646,-2.60887442643242e-07,NA
"1 knot(s)",0.00223163823354936,6.0827999732347e-08,0
