"","continious_age","wealth_noIRA","sex_1_2","assessed_BMI","hypertension_new_bin","CVD"
"1 knot(s)",-0.0022848259643508,-3.55168675201285e-08,NA,-0.00170998286613002,NA,NA
"1 knot(s)",0.0120848614442588,3.14392248902326e-07,0,0.0147794667743091,0,0
