"","analysed_n","diabetes_onset_n","max_timepoints","median_timepoint","BIC","hazard_ratio","CI_5","CI_95"
"0",4458,2322,3,2,32294.3722811514,NA,NA,NA
"0",4458,2322,3,2,33423.7584289349,NA,NA,NA
"0",4458,2322,3,2,2066.97852941491,NA,NA,NA
"0",4458,2322,3,2,3683.64802707963,NA,NA,NA
"0",4458,2322,3,2,31649.1816061057,NA,NA,NA
"0",4458,2322,3,2,668.399577647542,NA,NA,NA
"0",4458,2322,3,2,33431.5086130972,NA,NA,NA
