"","continious_age","wealth_noIRA","sex_1_2","CVD"
"1 knot(s)",-0.000776753961614883,-1.06036345327842e-07,NA,NA
"1 knot(s)",0.0052803410795377,1.56649165768389e-07,0,0
