"","continious_age","wealth_noIRA","sex_1_2","assessed_BMI","hypertension_new_bin","CVD"
"1 knot(s)",-0.0128056186444746,-6.78883793467236e-07,NA,0.0366459882523718,NA,NA
"1 knot(s)",0.00976398565994586,3.77654371974582e-07,0,0.010903634920974,0,0
