"","analysed_n","diabetes_onset_n","max_timepoints","median_timepoint","BIC","hazard_ratio","CI_5","CI_95"
"0",8159,3500,3,2,51550.0915187633,NA,NA,NA
"0",8159,3500,3,2,18743.6531855433,NA,NA,NA
"0",8159,3500,3,2,2006.70910954061,NA,NA,NA
"0",8159,3500,3,2,7218.0667981882,NA,NA,NA
"0",8159,3500,3,2,50667.0646764304,NA,NA,NA
"0",8159,3500,3,2,1176.70741860336,NA,NA,NA
"0",8159,3500,3,2,18735.4000418859,NA,NA,NA
