"","continious_age","wealth_noIRA","sex_1_2","CVD"
"1 knot(s)",-0.00617055633094612,-7.68063503478654e-07,NA,NA
"1 knot(s)",0.00395441697856593,1.67749766114849e-07,0,0
