"","continious_age","wealth_noIRA","sex_1_2"
"1 knot(s)",0.00839213461366741,-8.07540878449621e-07,NA
"1 knot(s)",0.00171767276265786,6.29228565130467e-08,0
