"","continious_age","wealth_noIRA","sex_1_2","assessed_BMI","hypertension_new_bin","CVD"
"1 knot(s)",-3.48444440635795e-05,4.36058208787069e-09,-0.000117059753414182,0.000112420309554372,0.00135417806566729,NA
"1 knot(s)",0.0123792156248769,6.05185929133165e-07,0.265254064607883,0.0157957785497015,0.440281020255581,0
