"","continious_age","wealth_noIRA","sex_1_2"
"1 knot(s)",0.00515964678449359,-6.86366574983353e-08,NA
"1 knot(s)",0.00246932384547378,6.27576020192925e-08,0
