"","X","analysed.n","diabetes.onset..n.","max..timepoints","median.timepoint","BIC","hazard.ratio","X95...CI","NA."
"1",0,15630,87,3,2,1062.77132794493,1.00657351640596,0.427402849457897,2.04383925046871
"2",1,15630,67,3,2,471.283012062374,0.992143036786912,0.32941257416731,2.28811386164765
"3",2,15630,80,3,2,964.913341799276,1.02016609128054,0.403610383334209,2.02405307644398
"4",3,15630,73,3,2,52.564274833609,0.533862808587502,1.4771982844615e-10,2020506820.62604
"5",4,15630,82,3,2,1023.71994594647,1.01309886050013,0.449448610922916,2.0552246489224
"NA",NA,NA,NA,NA,NA,NA,NA,NA,NA
"NA.1",NA,NA,NA,NA,NA,NA,NA,NA,NA
