"","variable","hazard ratio","5% CI","95% CI"
"HR_CI1vs0_lower","harassed",0.566563203681038,1.38715190348698e-07,2.84549877282128
"HR_CI1vs0_lower1","less respect",0.883725126401846,0.141574238880549,1.79852345602179
"HR_CI1vs0_lower2","medical",1.65585234748439,4.7855869616434e-07,5.42275447197558
"HR_CI1vs0_lower3","not clever",1.37610903153871,0.49718117611746,2.98603259342146
"HR_CI1vs0_lower4","poorer service",0.917904450837983,0.127915534602625,2.44668955563185
"HR_CI1vs0_lower5","afraid others",1.42947790183143,0.378801777764309,3.80318134784022
