"","variable","hazard ratio","5% CI","95% CI"
"HR_CI1vs0_lower","harassed",NA,NA,NA
"HR_CI1vs0_lower1","less respect",1.54572630547153,0.64190326846489,4.6883438150152
"HR_CI1vs0_lower2","medical",5.84951288956025,2.81117513162806,10.7107348303732
"HR_CI1vs0_lower3","not clever",2.87146180994653,1.07350718505402,6.06538837512396
"HR_CI1vs0_lower4","poorer service",1.95360957963997,0.483142607605129,5.56431252631235
"HR_CI1vs0_lower5","afraid others",3.20145349817721,1.56942549201628,6.70686962428684
