"","variable","hazard ratio","5% CI","95% CI"
"HR_CI1vs0_lower","harassed",NA,NA,NA
"HR_CI1vs0_lower1","less respect",1.54817061819343,0.600815829149135,3.38075472772573
"HR_CI1vs0_lower2","medical",5.86690365534392,3.24007257710174,12.1271979352562
"HR_CI1vs0_lower3","not clever",2.84566785272691,1.29779682313397,6.22124550510796
"HR_CI1vs0_lower4","poorer service",1.9591751587689,0.488412896304665,5.00519909214219
"HR_CI1vs0_lower5","afraid others",3.21668477634978,1.56597195046473,5.69983742934194
