"","variable","hazard ratio","5% CI","95% CI"
"HR_CI1vs0_lower","harassed",NA,4.31349023590335e-06,4.45393261261786e-05
"HR_CI1vs0_lower1","less respect",1.62168613755195,0.79533878729543,3.33223514889702
"HR_CI1vs0_lower2","medical",2.01358847440841,0.631099316392174,7.74317759760104
"HR_CI1vs0_lower3","not clever",0.911389657039222,0.346161876097947,2.25647707479624
"HR_CI1vs0_lower4","poorer service",1.36072542163729,0.468974920423846,3.65648503435889
"HR_CI1vs0_lower5","afraid others",1.16961463589481,0.361375311450891,3.38642997296611
