"","variable","hazard ratio","5% CI","95% CI"
"HR_CI1vs0_lower","harassed",NA,1.51709349366932e-07,1.9189934045679e-06
"HR_CI1vs0_lower1","less respect",0.454203835886495,2.49331826876265e-07,4.54126274749069
"HR_CI1vs0_lower2","medical",NA,1.47468499124644e-07,1.36410228301358e-06
"HR_CI1vs0_lower3","not clever",0.554802771325948,6.42145381169763e-07,12.8038686502242
"HR_CI1vs0_lower4","poorer service",7.90106116348443,2.18471596983742,18.8280555388359
"HR_CI1vs0_lower5","afraid others",0.48961356269508,1.88434821584837e-07,9.55322485421487
