"","variable","hazard ratio","5% CI","95% CI"
"HR_CI1vs0_lower","harassed",0.613595701749563,5.36465970718855e-07,3.38241548614921
"HR_CI1vs0_lower1","less respect",0.887397760455973,0.239713048302244,2.25904748805803
"HR_CI1vs0_lower2","medical",1.73268607805051,0.403122260422691,7.21183579403474
"HR_CI1vs0_lower3","not clever",1.4872574422473,0.576957040091116,3.89739176219533
"HR_CI1vs0_lower4","poorer service",0.973807996849182,0.267663928677735,3.20019732492626
"HR_CI1vs0_lower5","afraid others",1.61874107364271,0.497690467704944,5.5794576354919
