"","variable","hazard ratio","5% CI","95% CI"
"HR_CI1vs0_lower","harassed",1.54245296150115,0.868885223138025,2.43381968113612
"HR_CI1vs0_lower1","less respect",1.47975619259672,1.20507861131466,1.86493914319997
"HR_CI1vs0_lower2","medical",1.12739023806784,0.41972751258227,2.21583663300169
"HR_CI1vs0_lower3","not clever",1.38804845369251,1.08378705183506,1.81984436880205
"HR_CI1vs0_lower4","poorer service",1.42974221194457,1.00898501127954,2.06954656552455
"HR_CI1vs0_lower5","afraid others",0.727582821422657,0.410591701511526,1.20666554758082
