"","variable","hazard ratio","5% CI","95% CI"
"HR_CI1vs0_lower","harassed",0.619248150839142,4.75048407761961e-07,1.91657689746768
"HR_CI1vs0_lower1","less respect",0.952693561035911,0.336485551875352,2.18017506210589
"HR_CI1vs0_lower2","medical",1.86520475966634,0.286603632190811,7.22046895958329
"HR_CI1vs0_lower3","not clever",1.49343346983245,0.398809322278385,2.96372433229491
"HR_CI1vs0_lower4","poorer service",1.01026687716248,0.293323547990149,2.89521467975118
"HR_CI1vs0_lower5","afraid others",1.65399225909623,0.471639208933273,4.97975810318605
