"","variable","hazard ratio","5% CI","95% CI"
"HR_CI1vs0_lower","harassed",2.46743741808469,0.573370594909933,7.07173225254359
"HR_CI1vs0_lower1","less respect",3.05323088636473,1.36426448352959,7.57397382405741
"HR_CI1vs0_lower2","medical",6.20930208521541,1.35048591011946,21.8794449616456
"HR_CI1vs0_lower3","not clever",2.81281638329964,1.26073415565187,6.56903098133569
"HR_CI1vs0_lower4","poorer service",3.70208404774336,1.09719072256261,8.62728444259316
"HR_CI1vs0_lower5","afraid others",3.84288853587811,1.6861065027032,7.80614082513667
