"","variable","hazard ratio","5% CI","95% CI"
"HR_CI1vs0_lower","harassed",1.10384028326237,0.764191134681581,1.76856066615772
"HR_CI1vs0_lower1","less respect",1.2994828381683,1.03939155523,1.58039180890629
"HR_CI1vs0_lower2","medical",1.66329901971527,1.10510118777795,2.58478802155046
"HR_CI1vs0_lower3","not clever",1.50083677485195,1.20112892229224,1.75355656258509
"HR_CI1vs0_lower4","poorer service",1.50068602468935,1.1944745494833,1.88487903363948
"HR_CI1vs0_lower5","afraid others",1.2826414400132,0.915569195164668,1.77883502301234
