"","variable","hazard ratio","5% CI","95% CI"
"HR_CI1vs0_lower","harassed",1.7984974695187,0.280727970992194,5.55058837329211
"HR_CI1vs0_lower1","less respect",1.94733807229448,0.858848528066138,4.72635426987941
"HR_CI1vs0_lower2","medical",3.63470792650151,0.983734157805814,14.5716640749689
"HR_CI1vs0_lower3","not clever",2.65322357409077,1.24463471617057,5.31598484584385
"HR_CI1vs0_lower4","poorer service",2.28520543316063,0.718147023930298,5.21692070074998
"HR_CI1vs0_lower5","afraid others",2.79451575430204,0.99310135731396,5.68753166117259
