"","variable","hazard ratio","5% CI","95% CI"
"HR_CI1vs0_lower","harassed",0.946975548239904,0.426529247608641,1.6898241802105
"HR_CI1vs0_lower1","less respect",1.21533624899578,0.862544826135871,1.61051754695148
"HR_CI1vs0_lower2","medical",1.0502951575685,0.370454311864371,1.72642761012915
"HR_CI1vs0_lower3","not clever",1.4175387858814,1.06647613792668,1.91913977318846
"HR_CI1vs0_lower4","poorer service",1.59606379552432,1.04095982519245,2.35797396508667
"HR_CI1vs0_lower5","afraid others",0.503828352515208,0.166431417581297,1.0335091183144
