"","variable","hazard ratio","5% CI","95% CI"
"HR_CI1vs0_lower","summary mean score",0.0321449296798238,0.00278273804702369,1.72770922885761
"HR_CI1vs0_lower1","harassed",7.17361332287437,3.89744349303016e-15,56.4554869760303
"HR_CI1vs0_lower2","less respect",10.163650905059,0.882270625792059,65.4504718778049
"HR_CI1vs0_lower3","medical",10.4035200666628,3.07193912173202e-13,136.554085131788
"HR_CI1vs0_lower4","not clever",7.29914186539261,0.748474668734461,165.689634135311
"HR_CI1vs0_lower5","poorer service",1.78129766168476,1.65610383877203e-12,25.2362827036747
"HR_CI1vs0_lower6","afraid others",1.78129766168476,2.22376389467415e-13,28.0730576458783
