"","variable","hazard ratio","5% CI","95% CI"
"HR_CI1vs0_lower","harassed",6.86564846428133e-07,6.55415036065417e-08,8.4268327904384e-06
"HR_CI1vs0_lower1","less respect",1.45268768261645,1.26517905405241e-07,10.4313945511257
"HR_CI1vs0_lower2","medical",NA,NA,NA
"HR_CI1vs0_lower3","not clever",1.88488995828885,1.927648239299e-07,19.5899551629614
"HR_CI1vs0_lower4","poorer service",0.763354529451214,2.02807217792881e-08,12.8795221864871
"HR_CI1vs0_lower5","afraid others",0.64482609833427,9.58912688111864e-14,17.5397046118412
