"","variable","hazard ratio","5% CI","95% CI"
"HR_CI1vs0_lower","harassed",1.03680327635596e-06,8.48671447470755e-08,1.60148140511117e-05
"HR_CI1vs0_lower1","less respect",1.54170593834025,2.10816150452419e-07,9.32238698820842
"HR_CI1vs0_lower2","medical",NA,NA,NA
"HR_CI1vs0_lower3","not clever",2.16044208137986,5.88678504891054e-08,22.5382069684988
"HR_CI1vs0_lower4","poorer service",0.973213030018355,8.79135329657644e-08,15.7759071906091
"HR_CI1vs0_lower5","afraid others",0.72278124340925,7.67320156845852e-14,5.58440672360356
