"","variable","hazard ratio","5% CI","95% CI"
"HR_CI1vs0_lower","harassed",NA,NA,NA
"HR_CI1vs0_lower1","less respect",2.79992073047816,2.07682940253793e-07,15063211.1106522
"HR_CI1vs0_lower2","medical",NA,NA,NA
"HR_CI1vs0_lower3","not clever",NA,1.8938824988329e-08,24499874.6515986
"HR_CI1vs0_lower4","poorer service",3.10863548724904,1.16663706222016e-07,405.606915594282
"HR_CI1vs0_lower5","afraid others",NA,6.23420276668805e-07,292366.68486732
