"","variable","hazard ratio","5% CI","95% CI"
"HR_CI1vs0_lower","harassed",8.79662714826929e-07,1.14501191529732e-07,9.52652585501291e-06
"HR_CI1vs0_lower1","less respect",1.42002470609921,2.48368459609091e-07,7.02387333740857
"HR_CI1vs0_lower2","medical",2.19210649926203e-06,5.71508950676163e-07,4.00705039393719e-06
"HR_CI1vs0_lower3","not clever",1.71133984761637,1.05260189931251e-07,15.0532384045504
"HR_CI1vs0_lower4","poorer service",0.849327081706777,1.60841324191985e-08,6.61880723624868
"HR_CI1vs0_lower5","afraid others",0.583678919892541,1.53180829215817e-13,9.35479241966969
