"","variable","hazard ratio","5% CI","95% CI"
"HR_CI1vs0_lower","harassed",1.06645981261962,0.575221041789287,1.74094832595118
"HR_CI1vs0_lower1","less respect",0.960559745794884,0.677732652233834,1.2453731540314
"HR_CI1vs0_lower2","medical",1.14887475699739,0.689846944121298,1.92947344426869
"HR_CI1vs0_lower3","not clever",1.09506554860441,0.854280440170419,1.39937163956091
"HR_CI1vs0_lower4","poorer service",1.02907432383321,0.71293536692048,1.30966917879124
"HR_CI1vs0_lower5","afraid others",1.13551886669921,0.795708970471491,1.6574231123839
