"","variable","hazard ratio","5% CI","95% CI"
"HR_CI1vs0_lower","harassed",4.33204610949849e-08,1.00267868731166e-08,8.30397238700095e-08
"HR_CI1vs0_lower1","less respect",0.55649172664607,0.16751466093449,1.51927092275431
"HR_CI1vs0_lower2","medical",1.28415178598014,1.0089149311378e-08,31.0316535075437
"HR_CI1vs0_lower3","not clever",0.547998931546297,0.195646300646862,1.34993204560578
"HR_CI1vs0_lower4","poorer service",0.832671126909796,1.23297295704888e-08,3.11435824868202
"HR_CI1vs0_lower5","afraid others",0.444338591828779,3.80386863029781e-08,1.87492191485748
