"","variable","hazard ratio","5% CI","95% CI"
"HR_CI1vs0_lower","harassed",1.23602999999583,0.484424572015116,2.56886851414694
"HR_CI1vs0_lower1","less respect",1.08173849659966,0.757844472082261,1.69104002836577
"HR_CI1vs0_lower2","medical",NA,3.13584585217681e-08,0.632424916544468
"HR_CI1vs0_lower3","not clever",NA,0.668458391709222,1.58345673317833
"HR_CI1vs0_lower4","poorer service",0.98308813816343,0.542242486666608,1.55192183145207
"HR_CI1vs0_lower5","afraid others",NA,0.127957548526996,0.662211932686546
