"","variable","hazard ratio","5% CI","95% CI"
"HR_CI1vs0_lower","harassed",2.20828070064538e-08,2.82321090478774e-09,1.13175214970965e-07
"HR_CI1vs0_lower1","less respect",4.83336896923239,0.8673920393639,416895275.65208
"HR_CI1vs0_lower2","medical",1.02628181821038e-07,2.26532675588936e-08,5.32903784582602e-07
"HR_CI1vs0_lower3","not clever",3.88500949172977,2.98853510388315e-08,23.7297156281406
"HR_CI1vs0_lower4","poorer service",1.90744895342816,8.00266658326942e-09,11.317603958054
"HR_CI1vs0_lower5","afraid others",2.91410084960533e-09,2.05214538290366e-09,7.98712988534672e-08
