"","variable","hazard ratio","5% CI","95% CI"
"HR_CI1vs0_lower","harassed",2.26614304059518e-08,2.01370406635645e-09,8.66056997964717e-08
"HR_CI1vs0_lower1","less respect",4.86332113076628,0.338783749374626,27.7265042996118
"HR_CI1vs0_lower2","medical",NA,1.22536872428755e-08,3.45068772712961e-07
"HR_CI1vs0_lower3","not clever",NA,3.32200075050861e-08,18.5340765970891
"HR_CI1vs0_lower4","poorer service",1.9063776709866,6.96259975722963e-09,8.81364196168344
"HR_CI1vs0_lower5","afraid others",NA,1.83859703625355e-09,5.65639382424347e-08
