"","variable","hazard ratio","5% CI","95% CI"
"HR_CI1vs0_lower","harassed",979553450876.192,152996462535.437,79137808408742
"HR_CI1vs0_lower1","less respect",2.01610235909418e-09,4.65111245365237e-12,2.36525453419393e-07
"HR_CI1vs0_lower2","medical",NA,NA,NA
"HR_CI1vs0_lower3","not clever",4418970049.10064,0.000636119366286099,40383086980.8659
"HR_CI1vs0_lower4","poorer service",NA,NA,NA
"HR_CI1vs0_lower5","afraid others",4743562561.76063,1189615685.56827,5355989516037.49
