"","variable","hazard ratio","5% CI","95% CI"
"HR_CI1vs0_lower","harassed",1.15438856791,0.807504349212607,1.63541448624905
"HR_CI1vs0_lower1","less respect",1.42021772290077,1.21287155246363,1.74366280450271
"HR_CI1vs0_lower2","medical",1.6104201805673,1.05879677790287,2.14472431118132
"HR_CI1vs0_lower3","not clever",1.38044270254575,1.1078680108223,1.58274701140746
"HR_CI1vs0_lower4","poorer service",1.27261799997624,0.946522828533747,1.52665136843586
"HR_CI1vs0_lower5","afraid others",1.24410228712309,0.93406310741934,1.55158047502592
