"","variable","hazard ratio","5% CI","95% CI"
"HR_CI1vs0_lower","harassed",1.65299091793707,0.881564366430143,3.07498079467116
"HR_CI1vs0_lower1","less respect",1.52744716814914,1.14153249151896,2.0221892481458
"HR_CI1vs0_lower2","medical",NA,0.557835736957787,2.35423775068744
"HR_CI1vs0_lower3","not clever",NA,1.07340865905079,1.88992415744123
"HR_CI1vs0_lower4","poorer service",1.46796023573428,1.01268852664629,2.00227115916599
"HR_CI1vs0_lower5","afraid others",NA,0.366835719627607,1.18114966678241
