"","variable","hazard ratio","5% CI","95% CI"
"HR_CI1vs0_lower","harassed",1.06165152186299,0.418684943583988,1.94581656050186
"HR_CI1vs0_lower1","less respect",1.27857776058401,1.0040295796604,1.69058298390771
"HR_CI1vs0_lower2","medical",NA,0.514577501005137,2.42925049132699
"HR_CI1vs0_lower3","not clever",NA,1.13196717926963,1.86187042263156
"HR_CI1vs0_lower4","poorer service",1.68529172883245,1.11118760383079,2.56920152420292
"HR_CI1vs0_lower5","afraid others",NA,0.196760961001226,0.950888498365079
