"","variable","hazard ratio","5% CI","95% CI"
"HR_CI1vs0_lower","harassed",1.48937930783828e-08,2.5580342002201e-09,1.56513845911492e-07
"HR_CI1vs0_lower1","less respect",1.98451523596087,0.174616374885101,16.3958606748152
"HR_CI1vs0_lower2","medical",1.81522052430712e-08,4.30456854477311e-09,1.46606543229708e-06
"HR_CI1vs0_lower3","not clever",2.4267482409844,6.67495576414029e-09,35.7539818591541
"HR_CI1vs0_lower4","poorer service",18.827693065239,1.75960811763476e-07,146.484267653857
"HR_CI1vs0_lower5","afraid others",1.35805640221803,6.63361107880177e-09,16.8781899429988
