"","variable","hazard ratio","5% CI","95% CI"
"HR_CI1vs0_lower","harassed",NA,1.20210471225669e-07,12.0340132049535
"HR_CI1vs0_lower1","less respect",2.27353255607131,1.09158147453523,5.01671048920633
"HR_CI1vs0_lower2","medical",4.05074070247393,1.6437964363241,15.5747087575078
"HR_CI1vs0_lower3","not clever",1.20144277993797,0.536885758534271,2.82662330300128
"HR_CI1vs0_lower4","poorer service",1.2621946499265,0.371036693645324,3.80419373457543
"HR_CI1vs0_lower5","afraid others",0.692825276985643,4.85157678389018e-08,3.22599177417274
