"","variable","hazard ratio","5% CI","95% CI"
"HR_CI1vs0_lower","harassed",NA,NA,NA
"HR_CI1vs0_lower1","less respect",1.82422473052031,0.539456495659222,7.02201994863907
"HR_CI1vs0_lower2","medical",7.71450685446098,0.979032926917297,21.3703933446572
"HR_CI1vs0_lower3","not clever",1.09369035501364,0.263397392385113,3.1078715294853
"HR_CI1vs0_lower4","poorer service",1.57928435418222,0.209977187671311,5.28042729043267
"HR_CI1vs0_lower5","afraid others",3.88107232163498e-07,4.72951383051754e-08,1.16645093133605e-06
