"","variable","hazard ratio","5% CI","95% CI"
"HR_CI1vs0_lower","harassed",1.90390578662491,0.29532229524537,6.45899329753298
"HR_CI1vs0_lower1","less respect",2.19519307460132,0.795320039063992,5.17431682659553
"HR_CI1vs0_lower2","medical",3.89090209570131,0.963721771609683,21.7219150733317
"HR_CI1vs0_lower3","not clever",2.75613814169087,1.37725478834459,7.03899002249515
"HR_CI1vs0_lower4","poorer service",2.58605061518829,1.12657261833991,5.35624818468999
"HR_CI1vs0_lower5","afraid others",2.67708200349448,1.09414062628384,7.58606191709115
