"","variable","hazard ratio","5% CI","95% CI"
"HR_CI1vs0_lower","harassed",NA,NA,NA
"HR_CI1vs0_lower1","less respect",1.82607177922184,0.492702748773235,5.28507220363346
"HR_CI1vs0_lower2","medical",7.70662911561156,2.70428362561862e-07,17.9286576837277
"HR_CI1vs0_lower3","not clever",1.09368318563709,0.412692786987493,3.05812252956295
"HR_CI1vs0_lower4","poorer service",1.57898179578003,0.344821823656659,4.63569020546628
"HR_CI1vs0_lower5","afraid others",3.87822703575464e-07,4.90617915081225e-08,6.71771115075733e-07
