"","variable","hazard ratio","5% CI","95% CI"
"HR_CI1vs0_lower","harassed",5.11301243962228,2.31017983327311,10.2835114720984
"HR_CI1vs0_lower1","less respect",4.30432174402039,1.18637942960472,11.6248233185296
"HR_CI1vs0_lower2","medical",4.95340470016891,5.27876650232997e-05,27.0273528789336
"HR_CI1vs0_lower3","not clever",1.84267086949712,2.96887380756225e-05,7.31028420926357
"HR_CI1vs0_lower4","poorer service",3.16338784280479,4.74854082666699e-05,11.9836768053671
"HR_CI1vs0_lower5","afraid others",4.08310714669481,0.000131570832588862,14.4858856484333
