"","variable","hazard ratio","5% CI","95% CI"
"HR_CI1vs0_lower","harassed",2.56240736122543,1.26791027041935,7.51416892487211
"HR_CI1vs0_lower1","less respect",3.28649381577223,1.14242180123096,11.0840705068924
"HR_CI1vs0_lower2","medical",4.13546628920066,4.55017801516178e-05,19.0836736549359
"HR_CI1vs0_lower3","not clever",1.50260632832598,2.45600500967676e-05,4.02815147377666
"HR_CI1vs0_lower4","poorer service",3.94708447082576,0.00025169997714344,7.65214656865562
"HR_CI1vs0_lower5","afraid others",3.23548171818488,4.11784796247269e-05,7.83102372171236
