"","variable","hazard ratio","5% CI","95% CI"
"HR_CI1vs0_lower","harassed",2.56240736122543,1.45680618625631,6.11765625385796
"HR_CI1vs0_lower1","less respect",3.28649381577223,1.19679821211404,12.3067491386458
"HR_CI1vs0_lower2","medical",4.13546628920066,5.88055363721301e-05,16.6876714018004
"HR_CI1vs0_lower3","not clever",1.50260632832598,2.79731149650785e-05,4.15343302021984
"HR_CI1vs0_lower4","poorer service",3.94708447082576,1.21188835856804,8.28630077652929
"HR_CI1vs0_lower5","afraid others",3.23548171818488,8.61682061769095e-05,10.6738243287568
