"","variable","hazard ratio","5% CI","95% CI"
"HR_CI1vs0_lower","harassed",1.09136746929564e-06,1.21314636147032e-07,7.26216796636338e-06
"HR_CI1vs0_lower1","less respect",1.89143449500147,1.26180820941877e-06,8.16033195075165
"HR_CI1vs0_lower2","medical",5.38011287326214e-07,2.68127964428151e-07,2.65748148394379e-06
"HR_CI1vs0_lower3","not clever",1.22191740921032,3.96551754152309e-07,7.98030136721105
"HR_CI1vs0_lower4","poorer service",0.63940267000667,4.71853294623654e-08,6.42799394393529
"HR_CI1vs0_lower5","afraid others",0.808144071135864,9.08512085041745e-13,7.33460504383444
