"","hazard ratio","5% CI","95% CI"
"HR_CI1vs0_lower",1.43566260819249,0.389542831303431,7.61857445506794
