"","hazard ratio","5% CI","95% CI"
"HR_CI1vs0_lower",1.67545250763102,0.815497437413592,4.26146326375679
