"","variable","hazard ratio","5% CI","95% CI"
"HR_CI1vs0_lower","harassed",0.831282358963816,1.06811961793185e-08,3.70511510255382
"HR_CI1vs0_lower1","less respect",1.12888171382352,0.528894972806791,3.17282693781926
"HR_CI1vs0_lower2","medical",8.45071102515527,1.92680902864667,27.8728738516116
"HR_CI1vs0_lower3","not clever",1.33555578819546,0.646745024863552,3.01413553077821
"HR_CI1vs0_lower4","poorer service",1.38598614530272,0.516159234282661,3.98086987656286
"HR_CI1vs0_lower5","afraid others",1.42639583579357,0.39683828157758,3.11991796501049
