"","variable","hazard ratio","5% CI","95% CI"
"HR_CI1vs0_lower","harassed",0.944060233880737,6.25019710985979e-09,4.20698081945593
"HR_CI1vs0_lower1","less respect",1.06399077589905,0.409437457510654,2.97206761706327
"HR_CI1vs0_lower2","medical",6.75054646849294,0.57421363282796,32.1275229544201
"HR_CI1vs0_lower3","not clever",1.58623657476638,0.531423712296764,3.52705210225562
"HR_CI1vs0_lower4","poorer service",1.4627015175281,0.389564989875452,4.27587005845282
"HR_CI1vs0_lower5","afraid others",1.6295923119481,0.452517577737678,5.908752671753
