"","variable","hazard ratio","5% CI","95% CI"
"HR_CI1vs0_lower","harassed",0.922556522946493,1.3476791045805e-08,4.29590278384457
"HR_CI1vs0_lower1","less respect",1.03518002297243,0.296755350149831,2.84310661663058
"HR_CI1vs0_lower2","medical",6.14964490692117,1.26926734530098,27.2081175954313
"HR_CI1vs0_lower3","not clever",1.52604181987409,0.576124568933517,3.14389367569903
"HR_CI1vs0_lower4","poorer service",1.3363970426347,0.347126529334095,3.14051211030924
"HR_CI1vs0_lower5","afraid others",1.64981075896545,0.340487441601325,4.61894283111274
