"","hazard ratio","5% CI","95% CI"
"HR_CI1vs0_lower",1.19799720344116,0.882792718059205,1.58095994591715
