"","variable","hazard ratio","5% CI","95% CI"
"HR_CI1vs0_lower","harassed",1.15156331892946,0.439488671250624,2.73778074012059
"HR_CI1vs0_lower1","less respect",1.05029195252486,0.743221252051774,1.6988267312795
"HR_CI1vs0_lower2","medical",0.152493817141291,2.75702374172503e-08,0.574720609973769
"HR_CI1vs0_lower3","not clever",1.09605477591036,0.624627802228912,1.65698056255903
"HR_CI1vs0_lower4","poorer service",0.963648336706119,0.57455745670358,1.41911050733539
"HR_CI1vs0_lower5","afraid others",0.355637991438864,0.105280292969608,0.683024032584391
