"","variable","hazard ratio","5% CI","95% CI"
"HR_CI1vs0_lower","harassed",4.8039597621887e-08,9.78333506574986e-09,2.33528016823115e-07
"HR_CI1vs0_lower1","less respect",0.860228789607208,1.48245109409104e-09,123117301.78904
"HR_CI1vs0_lower2","medical",NA,NA,NA
"HR_CI1vs0_lower3","not clever",2.55504611415991,8.4724523706639e-09,289946773.423696
"HR_CI1vs0_lower4","poorer service",1.80436037625702,9.54865684023649e-09,886246084.201666
"HR_CI1vs0_lower5","afraid others",0.908044244646694,2.5056361030495e-09,7.18357711234706
