"","hazard ratio","5% CI","95% CI"
"HR_CI1vs0_lower",1.65156367717733,9.03882257008668e-09,526496855.484509
