"","variable","hazard ratio","5% CI","95% CI"
"HR_CI1vs0_lower","harassed",1.31009222885635,0.121340120316335,4.41674577801003
"HR_CI1vs0_lower1","less respect",1.25277798581094,0.496082148988706,2.36091108905738
"HR_CI1vs0_lower2","medical",1.55376160466952,1.17755639272752e-08,10.3589772077259
"HR_CI1vs0_lower3","not clever",1.94276025625862,0.73316664285003,4.44392504612007
"HR_CI1vs0_lower4","poorer service",0.857555792668206,0.171901534463525,2.05537990253575
"HR_CI1vs0_lower5","afraid others",1.89492711914544,0.633607120883131,5.10754927234559
