"","variable","hazard ratio","5% CI","95% CI"
"HR_CI1vs0_lower","harassed",1038197480780.8,22023403676.6174,186062363102013
"HR_CI1vs0_lower1","less respect",2.00869625362544e-09,2.85236645311539e-15,7.3925517342504e-05
"HR_CI1vs0_lower2","medical",NA,NA,NA
"HR_CI1vs0_lower3","not clever",4582112725.40602,20.1423036165177,61498707012.6183
"HR_CI1vs0_lower4","poorer service",NA,NA,NA
"HR_CI1vs0_lower5","afraid others",5150342685.76434,259424510.889157,40179213308563.2
