"","mat_t1_value","mat_t2_value","mat_t3_value","loglik_value","info_criterion_value","est_value_D1","est_value_D2","est_value_D3","est_value_D4","est_value_D5"
"D1",0.181989624710647,0.221739739857084,-0.165272360568219,-2165.9142110959,4355.21417729203,-29.2948256950172,2.98643756680238,-0.625912955838989,NA,NA
