"","X.Model_4.","subset","coef","lower_CI","upper_CI","logtest","df","p_value"
"1","Model_4","All",1.40784232381757,1.25078542407863,1.58462032781689,190.122939918376,6,2.39576202500557e-38
