"","X.Model_1.","subset","coef","lower_CI","upper_CI","logtest","df","p_value"
"1","Model_1","All",1.43147690189636,1.27318093760735,1.60945397479299,180.078467026353,5,5.14853889891102e-37
