"","X.Model_2.","subset","coef","lower_CI","upper_CI","logtest","df","p_value"
"1","Model_2","All",1.4695957305577,1.26594352062901,1.70600945151196,323.861890172542,7,4.81667749724269e-66
