"","X","analysed.n","diabetes.onset..n.","max..timepoints","median.timepoint","BIC","hazard.ratio","X95...CI","NA."
"1",0,15630,91,3,2,1124.11892930612,0.999079649865363,0.411489959873595,1.97744104180342
"2",1,15630,85,3,2,674.500231642444,1.05280258117132,0.35908152921009,2.38089400806103
"3",2,15630,70,3,2,847.837862922389,1.00781365599434,0.428261795333627,2.08823115071479
"4",3,15630,78,3,2,56.9316501949523,0.539122362616716,8.02360429848453e-11,1549812693.93768
"5",4,15630,69,3,2,847.230558455339,1.00021629068841,0.376054306176842,2.01175255886998
"NA",NA,NA,NA,NA,NA,NA,NA,NA,NA
"NA.1",NA,NA,NA,NA,NA,NA,NA,NA,NA
